3628,Mary Johnson,86,Robótica
1398,David Inouye,63,IDI
4722,James Bonney,30,IDI
0414,Rhonda Mcdowell,91,Investigación Operativa
7885,Lulu Cordova,45,Computación
2254,Jennifer Rockett,85,Robótica
1795,Robert Capps,78,Matemática
3170,Bobby Venson,31,IDI
4917,Brock Beaudoin,82,Robótica
7399,Tammy Dickison,20,IDI
6901,Refugia Westfall,98,IDI
9533,Miguel Wyckoff,92,Robótica
8109,Angeline Mcdorman,28,Investigación Operativa
7625,Daniel Paul,55,Investigación Operativa
8424,Martha Unzicker,59,Investigación Operativa
0873,Richard Welch,28,IDI
7834,Olive Gallegos,46,Robótica
6771,Clarence Schreiber,48,IDI
3350,Carolina Moree,58,Robótica
3639,Emanuel Dendy,46,Matemática
0739,Sandra Hansen,77,IDI
3122,Sandra White,60,Investigación Operativa
2908,Sam Mckenzie,85,IDI
8827,Michael Depriest,71,Robótica
7202,Richard Busby,88,Robótica
9914,Eugene Martins,61,Ingeniería Civíl
5083,Timothy Bess,20,Minería
6720,Charles Holley,72,Química
8259,Kristine Culpepper,66,Ingeniería Ambiental
7177,Michael Brown,59,Hidráulica
9354,Dave Westray,45,Ingeniería de Construcción
5209,Kathy Congleton,47,Ingeniería Civíl
3263,Michael Hammons,35,Minería
3525,Barbara Mushtaq,75,Mecánica
3048,Mark Hajek,79,Minería
9649,Jerry Meadows,51,Ingeniería y Arquitectura
4482,Marilyn Hennessy,95,Ingeniería en Sistemas de Transporte
0787,Jennifer Stewart,25,Ingeniería Eléctrica
